테스트 ID,기능 분류,테스트 케이스,테스트 단계,예상 결과,실제 결과,상태,테스트 일자,담당자,비고
POST-001,포스트 작성,새 포스트 작성,"1. 포스트 작성 페이지 접속
2. 제목, 내용 입력
3. 발행",포스트 생성 성공,,,,,
POST-002,포스트 작성,이미지 첨부,"1. 이미지 업로드
2. 본문에 삽입",이미지 정상 표시,,,,,
POST-003,포스트 조회,포스트 목록 조회,1. 포스트 목록 페이지 접속,포스트 목록 정상 표시,,,,,
POST-004,포스트 조회,포스트 상세 보기,"1. 포스트 클릭
2. 상세 페이지 이동",포스트 내용 정상 표시,,,,,
POST-005,포스트 수정,포스트 내용 수정,"1. 수정 버튼 클릭
2. 내용 수정
3. 저장",포스트 수정 성공,,,,,
POST-006,포스트 삭제,포스트 삭제,"1. 삭제 버튼 클릭
2. 확인",포스트 삭제 성공,,,,,
POST-007,포스트 검색,키워드 검색,"1. 검색어 입력
2. 검색 실행",관련 포스트 표시,,,,,
POST-008,포스트 필터,카테고리 필터링,1. 카테고리 선택,해당 카테고리 포스트만 표시,,,,,